<?xml version='1.0' encoding='UTF-8'?>
<inventory format-version="1.0">
	<templates>
		<template>
			<id>fd4f2c38-2c1b-4534-9b34-79f567347681</id>
			<revisionId>fd4f2c38-2c1b-4534-9b34-79f567347681</revisionId>
			<name>T1</name>
			<description></description>
			<isTemplate>true</isTemplate>
			<type>DEVICE</type>
			<interfaceType>MANAGEMENT</interfaceType>
			<utilizationType>SHARED</utilizationType>
			<reservationTime>IMMEDIATE</reservationTime>
			<isCustomReservationTime>false</isCustomReservationTime>
			<icon/>
			<defaultImageAttach/>
			<defaultConfigAttach/>
		</template>
	</templates>
	<orchestratedResources/>
	<abstractResources/>
	<topologies/>
</inventory>